,CreditScore,Age,Tenure,Balance,NumOfProducts,HasCrCard,IsActiveMember,EstimatedSalary,Geography,Gender,Exited
6252,3,3,3,0.3854515990934806,2,0,0,0.2089039003224808,1,1,0
4684,4,4,1,0.0,2,1,1,0.7319084972614883,0,1,0
1731,4,4,4,0.0,2,1,0,0.2927766101662709,2,0,0
4742,3,5,8,0.4749023796873066,2,1,1,0.8534223018298246,1,1,0
4521,3,2,7,0.49819422698674193,1,1,1,0.573345804524332,2,0,0
6340,5,3,8,0.0,2,1,1,0.7471054985751139,2,1,0
576,2,3,3,0.5536176461128102,1,1,0,0.3784080879724014,2,0,0
5202,3,2,6,0.4046607528977204,1,1,0,0.3526207752840396,1,0,1
6363,4,3,4,0.45354757383764865,1,1,0,0.08304383068583047,2,0,0
439,2,4,3,0.34149024410668094,1,1,1,0.8205441619674678,1,0,0
2750,2,5,9,0.0,3,1,1,0.8486198931998006,0,0,1
7487,4,5,4,0.0,1,0,0,0.4218984913059197,0,0,1
5272,6,4,6,0.0,1,1,0,0.9369866822281526,0,1,1
5653,4,4,2,0.6138237640629309,1,1,0,0.7920588916241501,1,0,0
3999,4,1,1,0.4421257650865338,1,1,1,0.013776565662020722,0,1,0
6033,4,3,5,0.477481793504287,2,1,0,0.7971011231572614,2,0,0
582,3,5,3,0.0,2,0,1,0.030234037350566977,2,0,0
9930,2,3,9,0.6647184918785154,2,0,1,0.8632589412288874,1,1,0
7051,4,4,1,0.0,2,1,1,0.7288337036186955,2,1,0
8158,4,3,2,0.0,2,1,0,0.019643325937627038,0,0,0
9896,5,3,2,0.4061055227642427,1,1,1,0.9152538067385434,0,0,0
2249,5,3,9,0.0,2,1,1,0.21534116508126522,0,1,0
4640,4,4,9,0.0,2,0,0,0.5152023018198237,0,0,1
9485,6,3,4,0.3513023953271227,1,1,0,0.5482900617008923,2,1,0
4947,5,6,6,0.0,2,1,1,0.6820017311653263,0,0,0
9920,4,4,3,0.8151155714258328,1,0,1,0.0036368473189189563,0,0,1
1963,3,3,8,0.5878371971663875,2,1,0,0.3333777875787138,1,1,0
8243,6,2,3,0.5933644612440055,2,0,1,0.35594019228836354,0,1,0
6590,4,2,0,0.0,2,1,1,0.04496039371760002,2,0,0
8847,2,3,10,0.5353577223326014,2,1,0,0.7538008379800271,0,1,0
321,4,2,8,0.563741836376674,1,1,1,0.08134471842060916,0,0,0
2678,6,3,10,0.0,2,1,0,0.15245015899018355,0,0,0
4625,3,4,10,0.41379936371775494,2,0,1,0.38937238506277344,0,0,0
4949,3,3,1,0.0,2,0,0,0.04272483022128613,0,1,0
8328,4,3,5,0.58461891838236,1,1,0,0.5108901900131463,2,1,0
3337,3,5,4,0.39594095754176534,1,0,0,0.022562954762179784,2,1,1
5589,5,3,9,0.42044684357700773,1,0,0,0.7154928795699989,1,0,1
251,3,3,1,0.0,2,1,1,0.48965226179100096,2,0,0
3973,5,3,3,0.5130321239193173,1,0,0,0.5739641635776216,2,1,0
6630,5,3,3,0.0,2,1,1,0.4490091303719505,0,0,0
5547,4,3,7,0.5900630012767335,1,1,0,0.8774254941346898,0,1,1
35,2,4,0,0.5351337668612783,1,1,0,0.13907033121663118,0,0,1
8362,3,3,7,0.0,2,0,1,0.01942435502590497,0,1,0
1513,2,4,2,0.0,2,1,0,0.24909928898209777,0,1,0
9317,5,4,6,0.4226278486217253,1,1,0,0.9734689662862802,0,1,1
39,3,4,6,0.28039065582364536,2,0,1,0.8903973329452962,1,1,0
4819,4,2,4,0.4003480855513887,1,0,1,0.7482826109893495,0,1,0
3465,4,4,2,0.27506981021657045,2,0,0,0.8231278587105068,1,0,0
1760,3,3,5,0.44098055907878775,1,0,1,0.6825457331175127,0,1,1
2304,5,3,7,0.5896275256619133,1,1,1,0.5339215895117984,2,0,0
3723,5,4,2,0.35122216354855473,2,1,1,0.1066183820554863,1,1,0
8284,5,3,3,0.6076681970755538,1,1,0,0.4515150696891553,0,0,0
4993,3,4,6,0.3684239286157978,1,1,0,0.6301717814051241,0,0,0
8127,4,3,8,0.43869489002487033,1,1,0,0.6383978169915226,1,1,1
3032,2,4,3,0.355359181889348,3,1,0,0.6758554441949206,2,0,1
7938,6,3,2,0.0,1,0,0,0.8332732775980106,0,1,0
3039,6,2,8,0.404309016461624,2,1,1,0.0965738228000774,2,0,0
9655,3,3,4,0.22230695339290948,2,1,0,0.13455710020306938,0,0,0
2545,4,4,0,0.0,1,1,1,0.8503878120360494,0,0,0
2592,3,3,6,0.19079336155966756,2,1,1,0.7753259936323919,1,1,0
1188,3,2,2,0.5112144137884829,2,1,0,0.25382214001437137,0,1,0
7966,4,3,4,0.0,2,1,1,0.030822693567235666,2,0,0
6077,4,3,2,0.5308932005022438,1,0,0,0.3571456074055072,1,0,0
107,5,3,2,0.39779836506527416,1,0,1,0.18484235244465844,1,0,0
1315,4,2,5,0.40220389880209934,1,0,0,0.03810208874947557,2,0,0
8187,4,3,5,0.6472369717920132,2,1,0,0.27348151748491983,2,0,0
2753,2,2,6,0.0,2,0,0,0.2406246796569072,0,0,0
9753,4,6,7,0.6119819804128441,1,1,1,0.932904592388573,1,1,0
6231,4,4,1,0.42406253471279914,1,1,1,0.7533211421690772,1,1,1
2876,4,3,7,0.5870332452510898,1,1,1,0.2890049499727224,2,0,0
5323,4,3,5,0.7146530689014015,1,1,1,0.7452321696722036,0,1,0
799,4,4,9,0.5326312368499897,1,0,1,0.5165701324476487,1,0,0
3570,4,4,2,0.696302829567176,1,1,0,0.45093376417447867,0,1,1
2894,3,3,3,0.0,1,1,1,0.21290908281740906,0,1,0
2927,4,3,6,0.4447595834627518,1,1,1,0.8519384101181662,0,1,0
8178,5,4,7,0.5080817075968973,2,1,1,0.7300695716440919,0,0,0
971,5,2,3,0.0,2,1,1,0.6725536788763327,0,1,0
6687,5,3,7,0.5018101971202731,2,1,1,0.6353473756743768,1,1,0
8575,3,4,0,0.0,2,0,0,0.9484511770874119,2,1,0
2020,4,2,6,0.2304095658918727,1,1,0,0.9413244464846392,1,0,0
9054,3,2,5,0.0,2,0,1,0.9927523578501746,0,0,0
952,3,6,9,0.4447104798605681,1,0,1,0.9463919804341313,1,0,0
5359,4,4,1,0.4690788997237883,1,1,1,0.11563139279801221,1,1,1
3857,4,4,7,0.557434414905271,1,1,1,0.5420065616266353,0,0,0
5861,3,4,3,0.3680696014864044,1,1,1,0.815603740157185,0,1,0
3145,2,4,2,0.27632522033149,1,0,0,0.5131937099993049,1,0,1
3305,5,6,8,0.0,1,1,1,0.8285344250375911,0,0,0
3006,5,4,1,0.45819049479412144,1,1,0,0.9468444736472333,0,0,1
9001,4,3,6,0.4949392002147167,1,1,1,0.6938041082923418,2,1,0
7770,4,2,3,0.5009575401709914,1,1,1,0.7581330517064379,0,1,0
7438,3,3,4,0.3412367945885918,2,1,0,0.7809788334785971,0,0,0
7942,3,4,1,0.0,1,1,1,0.891310120116471,0,0,1
9238,5,4,4,0.0,2,1,0,0.6468685759490032,0,0,0
1056,4,3,3,0.0,2,1,0,0.22670415024634852,2,1,0
3154,4,5,7,0.0,2,0,1,0.2174446659655997,0,1,0
3787,4,2,4,0.5384498941382934,1,1,1,0.9326497680528489,1,1,1
9189,4,3,9,0.5750225918419707,2,1,0,0.8829295697739133,1,1,0
7825,3,2,4,0.4175154940398311,2,1,0,0.2837517982967373,1,0,1
7539,5,4,2,0.4779594774914389,1,1,0,0.7843580561943665,0,1,0
7231,3,3,10,0.5577171990428464,1,1,1,0.5285930306344255,0,1,0
764,5,4,2,0.5583156093376399,3,1,1,0.7895584528322455,1,1,1
5019,6,5,4,0.49803065459764967,1,0,1,0.6563027769151953,1,0,1
4903,4,4,3,0.6252108176670458,2,0,0,0.44443829385706335,0,1,0
8093,3,4,5,0.0,2,1,0,0.44641618274545214,0,1,0
6843,5,3,1,0.5164446648438018,1,1,1,0.6165028760246604,0,1,0
2165,3,3,7,0.0,2,0,1,0.7915870465629467,0,1,0
1862,2,4,9,0.6987022499852431,1,1,0,0.3274760239602882,0,1,1
7850,2,3,0,0.0,2,1,0,0.683383463120728,0,0,0
9123,5,3,7,0.4100241655885065,1,0,0,0.5892036689503847,0,1,0
2340,3,4,0,0.4753974412479585,1,0,0,0.6114223908383251,1,1,1
5527,4,3,2,0.5181994011991085,1,1,1,0.20793845812275072,0,1,0
6743,3,5,9,0.5508790441569325,1,1,0,0.993613340073977,1,0,1
4003,5,2,1,0.6038713566930702,2,1,1,0.09956020799986398,0,0,0
1123,5,3,1,0.6315582553856828,1,1,1,0.9850407713936681,1,1,1
8709,3,3,6,0.40663952443799,2,1,0,0.06170304264057217,0,1,0
4049,4,3,4,0.0,2,1,1,0.38773002821769476,2,1,0
7640,5,3,2,0.6536976028793205,1,1,0,0.9971393768104854,1,0,0
765,5,2,2,0.5391749295500815,1,1,0,0.7110107515267707,2,0,0
2344,5,4,4,0.3709049359443111,1,1,0,0.03780326021135018,1,0,1
4071,6,5,4,0.4820791581155521,1,1,0,0.33478982242804184,2,0,0
7216,4,4,8,0.5887927644247911,3,1,0,0.8637715901868628,0,1,1
4216,5,5,9,0.3864166921318533,1,1,1,0.35886017114634444,0,1,0
7952,5,3,2,0.42992810347818916,2,1,1,0.7309739080082147,1,0,0
5970,2,3,1,0.38451305069719743,1,0,0,0.029756441740186185,0,1,0
3350,4,3,2,0.49529528104418813,2,0,1,0.42158751160735847,2,1,0
4695,4,3,1,0.5003208673290419,1,1,1,0.8113242314641047,0,1,0
3399,4,3,6,0.6992629955851797,1,1,0,0.5658319869547541,0,0,1
4081,5,3,5,0.0,2,0,1,0.5881327666792178,2,1,0
9149,3,4,7,0.47480417248293927,2,1,0,0.27901834625206706,1,0,0
1224,2,4,8,0.5121047752894413,1,1,0,0.8961632835935831,2,0,0
6292,2,3,1,0.5494382201155856,1,0,1,0.45135445435039045,0,0,0
3122,4,2,4,0.5608688770807303,1,1,0,0.1810652917353607,0,1,0
510,3,3,10,0.26799319197687,2,1,1,0.809075516711846,1,0,0
5794,4,5,5,0.0,2,1,1,0.28434805523927537,0,1,0
8181,3,2,8,0.5181058173858558,2,0,1,0.2301694811854532,0,1,0
9417,3,3,6,0.0,2,1,0,0.28984878055854335,2,0,0
96,5,4,9,0.40983747624384076,1,0,1,0.32294919164780234,2,1,0
6681,4,3,7,0.6188641372279877,1,1,1,0.8972593382668044,0,1,0
1512,4,3,10,0.0,2,1,1,0.4944625211707718,0,1,0
8791,5,2,9,0.0,2,1,1,0.8430613123553299,0,0,0
119,4,3,4,0.7380439205416033,2,1,0,0.6041721984449514,1,1,0
7791,3,3,6,0.608304112637924,1,1,0,0.49648351417560377,1,0,0
6517,4,5,9,0.6213830483922776,2,1,1,0.35577527653890945,1,0,0
33,3,4,6,0.0,2,1,1,0.17201127707696084,2,0,0
7887,5,2,2,0.8201368930309514,2,0,0,0.32729665683072734,1,0,0
6830,5,4,9,0.6295802809818122,2,0,0,0.6830213285368751,0,1,0
5421,3,3,7,0.0,2,0,0,0.47991613199060507,0,0,0
1068,3,5,6,0.0,1,1,0,0.09683414766110163,0,1,1
1347,3,3,2,0.0,2,1,1,0.4318445411536802,0,1,0
4747,4,6,6,0.0,2,0,1,0.07933227623238019,2,1,0
6005,4,2,9,0.0,2,0,1,0.19411423790972035,0,0,0
6039,3,2,5,0.0,2,0,1,0.4757831872943866,2,1,0
3817,4,2,6,0.4026047786971994,1,0,0,0.16290710762877852,1,0,1
8446,4,3,6,0.0,2,1,0,0.8203948977127316,0,0,0
5269,4,3,6,0.5835924059844378,1,1,0,0.3356890083002927,1,1,1
6897,2,4,6,0.5071938969324159,1,1,1,0.46070654747528383,0,0,1
5309,4,3,5,0.6942276443794372,1,1,0,0.5991497187981452,2,0,0
31,3,3,7,0.3400253066892618,1,0,1,0.7836764911049005,0,1,0
5674,3,2,8,0.0,2,0,0,0.9879780519039568,2,1,0
4386,5,4,2,0.5568287905260658,1,1,0,0.010694221298133971,1,0,0
29,2,2,0,0.23793393564693938,2,1,1,0.26738368514193106,0,1,0
4202,3,2,9,0.0,2,0,0,0.504968724513191,0,1,0
7507,3,4,9,0.47641064146801604,1,1,0,0.5952823494643738,1,1,1
735,2,4,6,0.0,1,1,1,0.4502604998777383,0,1,0
2067,5,3,9,0.4811446751149043,1,1,1,0.2947777012704713,0,1,0
106,3,3,1,0.3544810564321155,1,1,1,0.050219545966639814,1,1,0
9644,2,3,8,0.0,2,1,1,0.7480875923650708,0,0,0
8894,2,3,2,0.30027984668994495,1,1,1,0.3533016403066493,0,0,0
8020,6,4,2,0.6292067428652008,1,1,1,0.09488176120819537,0,0,0
2232,4,3,8,0.0,2,1,0,0.8083600483846206,2,1,0
993,4,2,7,0.38006463102210153,1,0,0,0.5114766960244703,2,0,0
9412,5,2,6,0.39332363988900837,1,0,0,0.6686088021406045,0,1,0
7058,4,7,4,0.6785705303695218,3,1,1,0.36837522983444915,0,0,1
6789,4,4,0,0.0,2,0,0,0.1468962285898303,0,1,0
360,5,2,3,0.0,2,0,1,0.9077471398518558,2,1,0
304,3,3,4,0.47064084864097616,1,0,0,0.4721894440919107,0,1,0
2627,3,2,6,0.3288455484057292,2,1,0,0.8385475312892381,1,1,0
8965,2,5,8,0.5818494672478377,1,1,1,0.12277732523455989,1,0,0
4513,4,4,8,0.0,2,0,0,0.14133974794592882,0,0,0
5910,2,3,6,0.0,1,1,1,0.12334157912080602,0,0,0
8313,4,3,3,0.0,1,1,0,0.2142766634213567,0,1,0
3100,6,3,3,0.38587165011897867,2,1,1,0.6025547939828253,1,1,0
5703,3,4,8,0.22410792365936308,1,1,0,0.23425207107278742,0,0,0
3898,4,5,2,0.4167764290274191,1,1,0,0.04024314322017752,1,1,1
5440,4,4,2,0.6637068460744361,1,0,0,0.5982221802182108,1,1,1
7930,2,3,7,0.0,2,0,0,0.9600999395442265,2,1,0
621,4,3,10,0.6691103148692763,1,0,1,0.7594504275158277,2,0,0
7235,4,3,5,0.5304454888436976,1,1,0,0.32383107586774534,0,1,0
2498,5,3,8,0.0,2,1,1,0.0006562126683098235,0,1,0
713,3,4,3,0.5749764775012836,1,1,0,0.8605976370743406,0,0,0
8403,6,2,4,0.0,2,0,1,0.6165928346157057,0,0,0
2855,5,7,5,0.0,2,1,1,0.04683102236263562,2,0,0
4269,5,4,4,0.4488307184801607,1,0,1,0.01018582274607225,0,1,0
2908,2,6,9,0.37194703235883547,1,1,1,0.1224009892944776,0,1,0
8080,5,4,3,0.5211163624242816,1,1,0,0.7191584796348052,0,1,0
4516,2,3,8,0.44455192943079,4,1,1,0.04743658019340846,1,0,1
1261,5,3,6,0.29104713391799836,2,1,0,0.39383401114806466,1,1,0
3160,3,2,5,0.0,2,1,1,0.24299990649106987,0,1,0
970,4,4,10,0.5513514670438504,1,1,1,0.2383605634338079,0,0,0
3912,3,4,2,0.3164042022001842,2,0,0,0.942496208387901,2,1,0
5198,4,3,1,0.3360528571580597,1,0,0,0.1810048859666098,0,1,0
8846,3,5,2,0.0,2,1,0,0.1401843376042412,0,0,0
259,6,3,3,0.21881796708775267,1,1,1,0.700386736933377,1,1,0
3790,3,5,0,0.31138650756568137,1,1,1,0.7674299395592279,2,0,1
9202,3,3,9,0.482118417083207,1,1,0,0.0270412324376978,0,1,0
487,3,3,3,0.53845276382933,1,1,1,0.07171609888744375,0,1,1
7907,4,3,2,0.19005911922246999,2,1,1,0.4300805726946923,1,0,0
518,4,4,4,0.4035034304167083,2,0,1,0.8891063596573472,0,1,1
8342,4,3,3,0.0,2,1,0,0.7982121792631195,0,0,0
311,5,2,6,0.2537660609532739,1,1,0,0.7255682417670887,1,1,0
3231,4,3,6,0.4960002684755393,1,1,0,0.4423909483355661,0,1,0
7932,6,3,8,0.4097306998231832,1,1,0,0.30402893476326986,0,1,0
7457,4,4,2,0.46362357720618763,4,1,0,0.17815971425271113,1,0,1
9783,4,4,4,0.3836337693921863,2,1,0,0.5213109851990865,1,0,0
5183,4,3,1,0.0,2,0,1,0.784308001414135,0,1,0
8076,5,3,9,0.0,1,0,0,0.018688884788497298,0,0,1
6501,4,2,9,0.0,2,1,0,0.7893752353349743,0,1,0
6790,2,3,6,0.5424263692083109,1,0,1,0.9670766058158553,2,0,0
7772,5,4,4,0.5847424346673983,1,1,0,0.08259198753480958,1,0,1
2737,2,3,4,0.2338117440431691,2,0,1,0.36658710906891606,0,1,0
7841,5,4,7,0.44355929532982896,1,1,1,0.7458645800673964,1,0,1
6261,5,3,8,0.48852779230005305,1,0,0,0.9950665288535054,2,0,0
8205,2,3,4,0.7273533648661894,1,1,0,0.9291844371137443,1,0,0
1247,3,2,6,0.0,2,1,0,0.18823162612029445,0,1,0
9335,5,4,4,0.5083850977103892,2,1,0,0.02106966215273558,1,1,0
4194,3,5,9,0.3881357964901208,1,1,1,0.9788953345044452,1,0,0
8000,5,3,8,0.40894412548138576,2,1,1,0.9034964339094382,1,1,0
7377,4,3,0,0.4602106775703235,1,1,1,0.3030840945310277,0,0,0
3434,4,6,4,0.6366410362071708,1,1,1,0.590939284701689,0,1,0
5381,6,3,9,0.5652786356404707,2,1,1,0.7473071178297528,1,1,0
958,3,2,8,0.5284067726462167,1,0,0,0.03606014374372752,2,1,0
416,2,6,5,0.4398918700417369,1,0,0,0.056869781064091615,1,0,1
5741,5,4,9,0.4724894876640951,1,0,1,0.38569318369904326,0,1,0
6727,5,3,9,0.0,1,1,0,0.09797735683757798,0,0,1
4381,2,3,7,0.0,2,0,1,0.35659230456508595,0,1,0
5196,5,2,7,0.4560251534796459,1,1,1,0.8875138575733982,0,0,0
1112,4,4,3,0.3689870257681117,2,0,0,0.3540289097608822,0,0,0
2688,3,3,4,0.43139391774564734,1,1,1,0.7189271575435453,1,1,0
6472,4,3,10,0.5937169948165011,1,1,0,0.331920948450577,1,0,1
8819,3,3,10,0.49098624066847224,1,0,1,0.7305686193031434,1,1,0
7807,4,3,3,0.4236323201982128,1,1,1,0.18315584138285204,1,1,0
3410,2,3,1,0.5539798250357347,2,0,0,0.6118676333589858,1,1,0
80,4,3,1,0.38519838871631107,2,0,0,0.8570922523100956,0,0,0
4613,5,4,7,0.0,2,1,1,0.33882415770706104,0,0,0
1373,3,4,9,0.5402817534402116,1,1,0,0.6657358277715522,1,0,1
1509,3,3,6,0.4136039855863391,1,1,0,0.9855961744346584,0,1,0
6442,2,3,5,0.33134688271241924,1,1,0,0.9397645975190629,0,1,0
3070,4,3,2,0.0,2,1,0,0.702905077434895,2,1,0
3015,4,4,8,0.34260077468106676,2,1,0,0.043733226523132954,1,1,0
4822,5,3,2,0.0,4,0,1,0.8985535618651581,0,0,1
7821,5,2,2,0.5363592046475922,1,0,1,0.5915654945047252,0,0,0
92,3,3,10,0.0,2,1,0,0.5480672904262357,0,0,0
9420,4,2,7,0.0,2,0,1,0.025832667019700377,0,0,0
6599,6,4,6,0.5128133896914082,1,1,0,0.3288200023102206,0,1,1
4442,4,3,1,0.0,2,0,1,0.1781830664828491,0,1,0
7601,6,3,9,0.0,1,0,1,0.8213073848552536,0,1,0
3834,5,3,6,0.3671859757880182,2,0,0,0.5648627443920894,2,0,0
9701,4,3,3,0.49615176424818547,1,1,0,0.6312689361834055,2,1,0
4321,4,3,4,0.3649409606904541,1,1,1,0.6197720382296509,0,1,0
3393,5,2,6,0.0,2,1,1,0.04490223816374463,0,1,0
4751,4,6,8,0.5131631332865069,2,1,0,0.9470234407385905,1,0,1
7228,3,4,2,0.5073216778971893,2,1,1,0.8346689608857645,0,0,1
9190,4,4,8,0.0,2,1,0,0.6653013862823899,0,0,0
2360,3,4,5,0.4409160308872818,1,1,0,0.44662310250628934,1,0,0
1147,3,2,5,0.4053990207737333,3,1,0,0.6729813197160328,1,0,0
5665,3,3,9,0.44265004169621225,2,1,0,0.5518540020571964,0,1,0
8074,6,2,7,0.5173837712355643,1,1,1,0.2962675935551845,1,0,0
4942,3,3,1,0.5040987757220472,1,0,0,0.8986187680923529,0,1,0
3662,4,2,5,0.4738609608387215,1,0,1,0.725801264020714,0,0,0
1562,4,3,6,0.43464894451767255,2,1,1,0.0971960322210771,1,1,1
4112,4,2,9,0.0,1,1,1,0.8748838514078094,0,0,0
9049,4,3,6,0.0,2,1,1,0.29561893160796854,0,0,0
9275,2,4,1,0.30164247165054153,1,1,1,0.28545936136901073,1,1,0
8537,6,4,6,0.0,2,1,1,0.8500669813967233,2,0,0
794,4,2,1,0.0,1,1,0,0.9017554176423848,0,1,0
5853,3,3,5,0.24866283358314925,3,1,0,0.7431302189359082,1,1,1
7618,3,3,7,0.0,2,0,0,0.5111595657385279,0,0,0
1593,3,3,7,0.5389311652392412,1,1,1,0.6101148159649246,2,1,0
7417,5,3,5,0.49443592814915416,1,1,0,0.5929570774008918,1,0,0
5266,6,3,7,0.46951046937025315,1,1,1,0.9118909355843483,0,1,0
7146,5,4,5,0.229451487653812,1,1,1,0.3056127360162896,0,1,0
88,4,4,4,0.0,3,1,0,0.4662437262758593,0,0,1
8694,4,4,9,0.46517317050918966,2,0,0,0.38184546624202614,1,0,0
9731,4,2,7,0.40896684386875964,1,1,0,0.8163072573430762,1,1,0
9445,4,2,5,0.3799494846692536,1,1,0,0.030593071638341456,2,0,1
6753,4,3,7,0.5699792294154173,1,1,1,0.07820401848376518,2,1,0
3501,4,2,10,0.4007550236831217,2,0,0,0.6849263604674245,1,0,0
2233,3,3,0,0.4880378324123552,1,0,0,0.33667095207592324,2,1,0
2802,5,5,4,0.45320903000895707,1,1,1,0.769455232974749,0,1,1
4423,5,3,3,0.0,2,1,1,0.48415243655769125,0,0,0
5662,5,3,7,0.0,2,0,1,0.6125931026413022,0,0,0
7169,2,3,5,0.49005115981552516,2,0,0,0.7718206588729223,0,1,0
8336,5,3,0,0.487550861786154,1,0,0,0.17352037119544914,1,0,1
2147,4,3,2,0.40369422501382934,1,1,1,0.7992209756031701,0,1,0
7968,3,4,8,0.33755737239769346,1,0,1,0.33604429222990795,2,1,0
6550,4,3,3,0.4372229776639592,1,1,1,0.4419407553421351,1,0,1
7642,6,3,1,0.4046060693407431,1,1,1,0.6088252428106884,0,1,0
6163,2,2,7,0.5549911519852543,2,1,0,0.5339905460971522,1,0,0
1494,2,5,6,0.0,2,0,1,0.618111129612878,0,1,0
7695,5,4,10,0.3605049364863639,2,0,0,0.5168880128052229,1,0,1
7093,4,4,4,0.5287825427447456,1,1,0,0.7823986190681209,1,0,1
1408,5,3,9,0.0,2,0,0,0.15399190622704467,0,1,0
6690,3,2,8,0.5078017931503584,1,1,0,0.9647872371811508,1,1,0
3400,4,3,3,0.3148296186710708,1,1,1,0.6238873812449088,0,1,0
108,4,3,5,0.5982221706032119,1,0,0,0.3592903622295929,2,1,0
5635,3,2,1,0.46361723997181487,1,0,1,0.22778355332934294,2,0,0
8481,5,3,10,0.0,2,1,0,0.948668297822442,2,0,0
6603,3,3,10,0.2988806730254503,2,0,1,0.9508085522167367,0,0,0
1090,3,3,4,0.3651778297714423,1,1,1,0.6830244288329536,1,0,0
5559,6,3,5,0.4782183475370419,1,1,0,0.9577091112201214,1,1,1
9411,4,3,4,0.311359843353132,4,1,0,0.5962957462437662,1,0,1
8142,4,4,4,0.5196764152329738,1,0,1,0.6533142415100641,0,1,0
8663,3,3,1,0.0,1,1,1,0.14087905394965217,0,1,0
6595,4,2,7,0.0,2,0,0,0.7233132764178979,2,1,0
623,4,3,3,0.5809038641944226,2,0,1,0.4478185666731173,1,1,0
6870,6,3,0,0.545959636440437,2,1,1,0.4950876308687479,1,0,0
4813,3,3,3,0.0,2,0,1,0.06227559731954401,2,1,0
6552,5,3,5,0.5092031190831305,1,1,0,0.7167957039897309,1,0,0
7529,3,3,1,0.4718758520640791,1,1,1,0.7878410888239826,0,0,0
5795,5,3,8,0.0,2,1,0,0.2810393892616745,0,1,0
7436,4,5,6,0.35955634417145227,1,1,0,0.06950508773587877,1,0,1
4217,3,3,5,0.4857095962747266,1,1,1,0.11736175804789356,1,1,1
5940,6,4,6,0.0,2,1,1,0.8460404468626753,0,0,1
8500,4,3,2,0.3879061414935443,1,1,0,0.11641236738108489,0,1,0
6428,4,3,5,0.49656388376651256,1,1,0,0.4656496195386659,1,0,1
6826,3,5,1,0.0,2,1,1,0.2845113208311394,0,0,0
4130,3,3,2,0.516981297067666,1,1,0,0.8660104039935813,0,1,0
7801,4,5,7,0.5138140748700001,1,0,0,0.9587648120395498,0,1,1
7753,4,2,10,0.45313549417614146,1,1,0,0.16552910802981682,1,1,0
4721,5,4,4,0.49152287289233654,1,1,0,0.6856890333026804,0,0,0
1650,4,3,6,0.0,2,0,0,0.9864523061952416,0,1,0
4140,6,3,7,0.6176603018380891,2,1,1,0.4975183630036668,1,0,0
1617,3,3,4,0.0,2,0,1,0.5271600937889568,2,0,0
2029,3,3,4,0.6229524505347969,2,1,1,0.8305344660415068,0,1,0
8517,4,1,8,0.548527093211431,2,1,1,0.9879503992631296,0,1,0
4575,6,2,1,0.38446785306336934,2,0,1,0.24489638760501625,1,1,0
3992,5,3,0,0.1548365314379237,2,0,0,0.4700025352421156,1,1,0
7376,5,2,6,0.6639938151781068,1,1,1,0.7791325071544333,0,1,0
6149,4,3,6,0.0,2,1,1,0.58022861183243,2,1,0
4908,3,4,2,0.43583149636571566,1,1,0,0.4434996542169777,0,1,1
5026,4,4,10,0.0,2,0,0,0.8214598494156191,0,1,0
8260,4,2,5,0.12832955404323726,1,0,1,0.7072396913905278,1,0,0
4731,5,3,3,0.0,2,0,1,0.3316288205523627,0,0,0
7548,3,6,9,0.5489373793160403,2,0,1,0.6055144266277429,1,0,0
8134,3,4,6,0.0,1,1,1,0.8381280412279372,0,1,0
1606,3,3,2,0.3866165740839239,2,1,0,0.7724459185852249,1,0,0
4773,4,3,1,0.48606487996779896,2,1,1,0.7142094069983683,1,0,0
8109,4,3,0,0.0,2,1,0,0.9278088557457237,0,0,0
6951,4,4,8,0.4100108135538218,1,0,1,0.5188143967748919,0,1,1
6004,3,2,10,0.0,1,1,1,0.5065502255465396,2,0,0
7728,4,3,8,0.0,1,0,1,0.3822594557780268,0,0,0
3541,6,6,4,0.4115926111673469,1,1,1,0.3915296910854986,2,0,0
388,5,4,2,0.0,2,0,1,0.8146331474655829,2,0,0
1794,6,3,1,0.0,2,1,0,0.7830353798787785,0,1,0
8731,5,4,10,0.0,2,0,1,0.23730756287225427,2,0,0
4919,4,4,10,0.5103227768692858,1,1,1,0.5112917283600584,2,0,0
5537,3,4,10,0.5449752128443863,1,1,1,0.28791604598239134,1,0,0
3872,4,3,6,0.44308790872022985,1,0,0,0.048153698678223764,0,1,0
8868,4,3,8,0.0,1,1,0,0.5187942948551586,2,0,0
2254,4,3,6,0.5888193090668806,1,0,1,0.8625313717460017,0,1,0
3412,3,2,6,0.45616257979484826,1,1,1,0.07035701909532359,1,1,0
5459,3,3,7,0.0,2,1,0,0.40307604376217926,2,0,0
4955,5,3,3,0.3328110628502593,2,1,0,0.6442101720714327,1,1,0
7396,4,5,5,0.3618152692991804,2,1,0,0.8111379136707556,2,0,1
5414,2,3,1,0.558783488547083,2,1,0,0.7536160203299416,0,0,0
7399,4,3,7,0.5127407307086316,1,1,0,0.46073430012566197,0,0,0
7414,5,4,2,0.395258768211428,2,1,1,0.39323440388557107,1,0,0
9100,4,3,6,0.0,2,1,1,0.2943657619302643,0,1,0
4851,3,4,0,0.0,1,1,0,0.42538817457067146,0,0,0
2025,4,4,9,0.0,2,0,0,0.08806461017027124,0,1,0
2615,2,6,9,0.3866476225466683,1,1,1,0.4254877340786045,0,1,0
7388,6,2,9,0.532813063662621,1,1,1,0.7687541660228552,0,0,0
2926,3,6,8,0.0,2,1,1,0.5764564515911269,0,1,0
1121,6,2,4,0.0,2,1,0,0.967628308503462,0,0,0
2910,3,3,2,0.5558100103512148,1,0,0,0.3156828477119565,0,1,0
8146,5,4,7,0.49328773287991157,1,1,1,0.8497873546923731,0,1,0
7383,5,3,7,0.5183445597373819,2,0,0,0.27675047967080857,2,0,1
3482,3,3,3,0.0,2,1,1,0.3945581803062192,2,1,0
795,5,3,8,0.43140667192803267,2,0,0,0.4972096835247766,1,1,0
1575,3,2,2,0.0,2,1,0,0.9480982433822429,0,1,0
6176,4,3,8,0.413129928569803,2,1,1,0.6854068563547818,1,0,0
6266,3,3,7,0.5423795773016846,1,1,0,0.3137047588044658,2,0,0
2458,3,8,10,0.0,2,1,1,0.2647285815795408,2,1,0
3312,4,3,7,0.4151440132525521,1,1,0,0.6708554166922941,0,0,0
1253,2,5,4,0.5054548243073512,2,1,0,0.6163495113783366,1,0,0
6834,5,4,8,0.638265480618047,2,1,1,0.3965504705699394,0,1,0
8794,5,2,1,0.8349613582152021,1,1,1,0.6663441858697505,2,0,1
3837,3,2,6,0.0,2,1,0,0.7661612183963568,2,0,0
4398,5,3,8,0.0,1,1,0,0.4713043095615631,0,0,0
3595,5,3,5,0.4257012877220389,1,1,1,0.38497231485606875,1,0,0
6621,4,4,0,0.4150260370654875,2,1,0,0.9090032098065364,0,1,1
8382,3,2,3,0.0,2,1,1,0.6039498772132739,2,1,0
2124,5,3,7,0.5093110513515667,4,0,0,0.9223536847768962,0,1,1
3238,4,5,6,0.0,1,1,0,0.5513639552577271,0,1,1
5403,3,2,7,0.4992688864231689,1,1,1,0.806284500169766,2,1,0
5998,4,2,0,0.0,2,1,0,0.5970959726653895,2,1,0
5938,6,3,7,0.45986376380944155,1,0,1,0.810458598796185,2,1,0
2045,4,3,9,0.0,2,0,0,0.2064204631542312,0,0,0
1578,5,2,7,0.6392101669646031,1,0,0,0.984301650807652,0,1,0
14,4,3,7,0.0,2,1,1,0.32973183939066175,2,0,0
2673,4,4,2,0.46084475971897604,1,1,0,0.9293068988088361,0,1,0
7016,5,4,1,0.31382307453994573,1,1,1,0.06504311161715942,2,1,0
8720,5,2,8,0.0,2,0,0,0.5257917631133773,0,0,0
8849,4,3,4,0.29616084363177103,2,1,0,0.7719936253912248,0,0,0
4812,4,3,6,0.3631982610947736,1,1,0,0.8865063613575096,0,1,0
1084,5,2,8,0.0,2,1,0,0.30671824159207206,0,1,0
4983,3,2,4,0.5616495924699946,1,1,0,0.7885733087509856,0,1,0
7155,3,4,7,0.48211407268983203,3,1,1,0.19640140633430492,1,1,1
2884,4,2,3,0.0,2,0,1,0.7669767462792696,0,0,0
333,3,2,8,0.4464514257561706,1,1,0,0.8888871387217478,1,0,1
7204,4,3,10,0.5430812964737994,1,0,0,0.4459822413040445,2,1,0
4367,3,4,0,0.634935363597228,1,0,1,0.7795927511077307,2,1,1
3079,5,3,1,0.515739318701071,2,0,0,0.224790767518298,1,0,0
7203,4,3,1,0.33603113519118466,2,0,0,0.519563718335101,0,1,0
9909,5,5,2,0.40486270740442865,1,1,1,0.36081920823438635,0,1,0
8864,6,2,5,0.0,2,1,0,0.89392506984417,0,0,0
263,4,2,0,0.44103173523560907,1,0,1,0.559391571895116,0,0,0
4337,6,3,5,0.0,2,1,0,0.0824081699802331,0,1,0
8895,4,3,8,0.4864060144897875,1,1,0,0.510417594880311,0,0,0
8447,5,3,5,0.3370205807465494,1,1,1,0.3451722139464318,2,0,0
5903,3,2,4,0.6099688921505939,1,1,1,0.656822676565612,0,0,1
1498,3,2,7,0.42475548538452407,2,0,1,0.8851555823581152,1,0,0
4190,6,3,3,0.48321471877286915,1,1,1,0.1550697091572245,2,0,0
7485,3,3,5,0.0,2,1,0,0.4243425747158854,0,1,0
9643,3,4,2,0.0,2,1,1,0.5654432498303588,0,0,0
8310,5,4,6,0.462824049397905,1,1,0,0.3079836124349875,2,1,0
7590,4,4,8,0.5292827856919916,3,1,1,0.9591404479127756,1,0,1
500,3,3,4,0.0,2,1,1,0.27199702571595585,2,1,0
9155,3,3,2,0.6056772293483782,2,1,0,0.7947611496897954,2,0,0
9414,3,5,9,0.0,1,1,0,0.6284624681657098,2,0,1
3095,5,1,7,0.5715089740220821,1,1,0,0.16637218854400593,0,1,0
4631,4,2,8,0.6144307834308346,1,1,0,0.2021669069396127,1,0,0
367,2,3,8,0.4095005665447673,2,1,1,0.9467305127639689,1,0,0
4058,3,3,8,0.582706747588234,1,1,0,0.8897502711508949,0,1,0
8174,3,3,0,0.4989100554731207,1,1,1,0.36376348941323894,2,1,0
4630,2,3,2,0.5039658930843197,2,1,1,0.4132952196934807,1,1,0
6070,4,3,4,0.6958554367631894,2,0,1,0.7921184473117183,2,1,0
2664,3,2,3,0.0,2,1,1,0.7112027198597466,0,1,0
1026,4,3,6,0.0,2,0,0,0.921181222806778,0,1,0
5908,5,4,9,0.2653779070219307,1,1,0,0.39374530267640556,2,0,1
5050,5,3,1,0.5009435902840074,1,1,1,0.2812025548439876,0,1,0
6328,5,4,7,0.4364667742189668,1,0,0,0.4338654341489612,2,0,0
9733,5,6,3,0.0,2,1,1,0.37634119058370075,0,1,0
1691,3,3,8,0.0,1,1,1,0.7083964018563772,2,1,0
673,4,3,6,0.4738152849230539,2,1,1,0.09560978073406008,2,0,0
5572,3,3,6,0.0,1,1,1,0.315840462764194,0,1,0
5766,3,3,5,0.5018366221919027,1,1,1,0.4756095207092277,0,1,0
5156,3,3,5,0.507550296616447,1,0,1,0.6089467544150466,2,1,0
733,5,4,9,0.4828735443940606,2,1,0,0.32080623699563304,1,1,1
3526,5,2,9,0.0,2,1,0,0.6841472360610438,0,0,0
568,5,3,5,0.4830336492398169,2,1,1,0.3744307581374021,1,1,0
9187,4,3,4,0.23919596199397136,1,1,1,0.19006050077782427,0,1,0
2922,4,3,6,0.33186494165818486,1,0,0,0.04826310912692162,2,1,0
7911,3,2,1,0.5932818779130603,2,1,1,0.12200885184535122,1,1,0
1558,3,3,1,0.41763494492923403,2,0,1,0.8925899423394933,0,0,0
101,4,4,6,0.0,2,0,0,0.8358340721538906,0,0,0
3007,4,3,5,0.6564592819339519,1,0,1,0.9036088946494389,0,1,1
7201,4,2,5,0.544646991932063,1,1,1,0.20929068726063338,1,0,1
303,5,3,6,0.0,2,1,1,0.9534639558077795,0,0,0
76,4,5,8,0.0,2,1,1,0.6958167504996727,0,1,0
6754,4,2,3,0.6281339566993117,1,0,1,0.17044447744759622,2,0,0
8629,4,2,4,0.4608885225072858,2,1,0,0.3519800140913457,2,1,0
1208,4,4,6,0.5111743178276089,1,1,1,0.8402893476326988,0,0,0
7742,3,2,3,0.4730230110560029,1,1,1,0.24911489047204008,2,1,0
8214,6,3,4,0.43522320157957367,2,1,0,0.2760585635928231,1,0,0
8944,3,4,1,0.6009520439155197,2,1,1,0.6787932747577393,2,1,0
8413,5,3,7,0.0,2,0,0,0.40065361241998604,2,1,0
1775,3,3,8,0.42759751578818317,1,0,0,0.7872310305634187,0,0,0
3473,4,4,0,0.0,1,0,1,0.45989526999828484,0,0,1
483,2,3,9,0.45922226829227764,2,1,0,0.7249879863526966,1,1,0
2189,2,3,2,0.6603992481568912,1,1,1,0.9899595411361783,0,1,0
346,4,3,9,0.4262170748290671,2,1,0,0.6913831770934125,1,0,0
5481,3,4,1,0.6061670298087961,1,0,1,0.22356095007073173,1,0,1
8361,4,3,9,0.43023177258942075,2,0,0,0.24235759515033684,0,0,0
1472,5,2,1,0.32196402929970497,1,1,1,0.0960805256902034,2,0,0
5100,3,2,5,0.0,2,1,0,0.5969061545377583,2,0,0
6765,2,3,7,0.0,2,1,0,0.882765404096091,0,0,0
8706,6,5,7,0.0,1,0,0,0.8588384690737965,2,0,1
4929,3,3,1,0.31418943842896535,1,1,1,0.0606888957895479,0,1,0
6329,5,3,2,0.5835321823294869,1,1,1,0.36034511295828753,1,1,0
2609,4,4,2,0.0,1,1,1,0.5722100460593986,0,0,0
3,4,3,1,0.0,2,0,0,0.46912005096486714,0,0,0
2213,2,4,4,0.3489108267025867,2,1,1,0.06283415066138814,1,0,1
4827,4,5,4,0.4435447475905457,1,0,1,0.16464002312220816,2,1,1
856,3,4,5,0.5378917790884737,1,1,0,0.4697561617134436,1,0,1
6977,3,4,5,0.4792138114722197,1,1,0,0.9744868134906882,2,1,0
5885,4,2,3,0.35398595501464364,2,1,1,0.31241178532549857,0,0,0
624,2,4,2,0.5146338100859995,1,0,1,0.1323336878671913,2,0,0
290,5,4,9,0.25200271552485715,1,0,1,0.6865892692752158,1,1,0
2018,4,2,3,0.6391387036864251,2,1,0,0.7118486815490879,1,1,0
668,4,4,3,0.4884438936940493,1,1,1,0.2814582292608944,2,1,0
8921,2,3,1,0.0,2,1,1,0.24175468757266316,0,0,0
8264,5,3,6,0.0,2,0,0,0.1927125040441362,0,1,0
9696,3,3,8,0.3886600730997993,1,1,1,0.9957313923479691,0,1,0
1631,1,5,1,0.608523883143152,1,1,1,0.959901220566564,2,1,1
5170,6,3,4,0.0,2,1,1,0.7101557698760231,0,0,0
7205,4,2,9,0.0,2,1,1,0.24421487252032567,0,0,0
2522,3,3,1,0.0,2,0,0,0.5584332803782761,0,1,0
2215,2,3,9,0.0,2,1,1,0.32905617486469957,0,1,0
6968,3,4,7,0.49397163605350686,1,1,1,0.11879349477875135,1,0,0
6496,3,4,4,0.38483162625909195,2,1,0,0.7197720382296509,1,0,1
6213,3,3,6,0.3680406255782976,2,1,1,0.8733634062052925,1,1,0
7032,4,4,4,0.0,1,0,1,0.7464081819813791,2,1,0
7420,5,3,9,0.6048938435521769,1,1,1,0.904178399037108,1,0,0
1107,2,3,1,0.5402587959119179,1,0,0,0.7473691237513183,1,0,1
450,2,3,7,0.6972458020704743,1,1,0,0.20038283656089154,1,0,0
6289,4,6,4,0.45657023534934055,1,1,0,0.3692587642119822,2,1,1
9966,2,3,4,0.5018809828325118,1,1,1,0.10191903326767704,2,1,0
135,3,4,5,0.5775055920114817,2,1,1,0.17466493050086282,1,0,0
1785,5,3,3,0.4561487096215041,2,1,1,0.4365246881077142,1,1,0
3404,3,2,2,0.0,1,1,0,0.6148217154738277,0,0,0
2906,6,4,6,0.0,2,1,0,0.23657494290704761,2,1,0
8304,4,6,1,0.0,2,1,0,0.7855025654950047,0,1,0
7492,4,2,10,0.8000258591047864,1,0,1,0.4143448699350788,0,1,1
6100,5,2,2,0.547085511890505,2,1,0,0.3144985846148307,0,1,0
4504,5,3,7,0.5290202488189528,1,1,0,0.9965023159711752,2,1,0
5053,4,2,2,0.45941019319836196,1,0,0,0.9581728555077009,1,0,0
5205,5,2,8,0.7172641290334256,1,1,0,0.44967544400490245,0,1,0
4080,6,3,2,0.40028937645559604,1,1,0,0.17566132565660017,1,0,1
6918,3,2,0,0.4306851040595806,2,1,1,0.9391623400034702,2,1,0
6802,4,3,9,0.0,2,0,0,0.32542007761741243,0,1,0
5206,2,3,3,0.5341083704543148,1,1,0,0.4478764722030954,0,1,0
532,5,3,6,0.37343616286596687,1,1,1,0.3995759094993572,0,1,0
4830,4,2,4,0.0,2,1,0,0.6457490690360929,2,1,0
4038,2,3,6,0.0,1,1,0,0.7310806682038135,2,0,1
4084,4,3,4,0.0,2,0,1,0.7116670141998561,0,0,0
3204,3,4,3,0.32399616912189333,3,0,1,0.8887621267831077,1,1,1
7110,4,2,9,0.0,2,0,1,0.30878043853187975,2,0,0
330,4,4,7,0.0,2,0,1,0.3606937462527671,0,1,0
4957,5,3,3,0.0,1,1,0,0.9409672123687811,0,1,0
3033,5,8,10,0.0,2,1,1,0.5826875466607061,0,0,0
7684,4,4,1,0.5052785774495135,1,1,1,0.2777249227301207,2,1,0
1597,5,3,5,0.24839415875983756,1,1,1,0.20456458591795512,0,1,0
9919,4,2,0,0.0,2,1,0,0.5289168615602791,0,1,0
3597,5,3,1,0.3975556370317527,1,1,0,0.887647820366845,1,0,0
9038,6,4,8,0.3912864382506858,1,0,0,0.11223906883107336,1,0,1
8001,5,3,9,0.0,2,1,0,0.6323814424277517,2,1,0
590,5,3,7,0.5763544074807425,1,1,1,0.2829409208579419,1,0,1
647,3,3,7,0.32785937110960073,1,1,0,0.04493124093350914,0,1,0
9102,2,6,2,0.5486502906419097,1,0,1,0.14950557778267823,1,0,0
8015,4,2,1,0.4194920734550032,2,1,1,0.11740876253682225,1,0,0
3771,2,3,8,0.5578342585230521,2,1,1,0.9494119188382489,1,1,0
9039,3,4,1,0.0,2,1,1,0.41305599684769895,2,0,0
5082,5,4,4,0.5694753594975555,3,0,0,0.9277366988547406,2,0,1
7882,6,4,1,0.485754554767635,1,0,0,0.03427242301639806,1,0,1
9362,4,3,3,0.5467534248666461,1,1,1,0.18628043978199915,0,1,0
4210,2,2,2,0.43508202872329566,1,1,0,0.7649522529401558,2,1,0
8834,4,3,3,0.4270124176712546,1,1,0,0.7694928865706674,0,1,0
8699,6,3,2,0.46660462819784726,1,1,0,0.5674072873959463,1,1,0
1795,4,3,5,0.3814249442871407,1,0,1,0.9128630784239895,1,0,0
2586,4,4,6,0.5458529795902393,1,1,1,0.013468286221334136,0,1,0
8355,3,4,4,0.4524651423213306,1,1,1,0.06197401851876854,2,1,0
2316,4,4,5,0.6193483577336122,1,1,1,0.43674090875678623,1,0,1
4185,4,3,8,0.0,2,1,0,0.14526722301979839,2,1,0
8827,4,4,7,0.0,2,1,0,0.2194101036649,2,1,0
7072,4,3,9,0.5363158404274819,1,1,0,0.13793722300479694,0,1,0
5234,4,4,1,0.5717206137360392,1,1,0,0.9831473905757999,0,0,1
8743,2,2,9,0.2958858714309065,2,0,1,0.9773521871338713,2,1,0
8670,5,5,8,0.0,2,1,1,0.07191236763110877,0,0,0
4768,3,3,3,0.0,1,1,1,0.650436566692119,2,0,1
9972,5,2,4,0.6207291574041078,1,1,0,0.8577841183833055,0,1,0
7144,3,5,0,0.4323559019520635,1,0,1,0.7000239522874434,1,0,1
2913,5,3,6,0.0,2,1,1,0.42074218087827386,0,0,0
9871,4,3,3,0.4903761124686123,2,1,1,0.19153559164900247,0,0,0
9893,5,3,9,0.40048343931195335,1,1,0,0.6204798058214559,0,0,0
2075,5,4,9,0.431375822749388,1,1,1,0.9429025471932568,1,1,0
4302,3,4,2,0.43402454757626896,1,0,0,0.34611615409271584,1,1,1
5822,4,3,2,0.0,2,1,0,0.43653673925859915,2,1,0
2149,6,5,4,0.40353858413190796,1,1,0,0.18566793128743794,2,1,1
144,4,3,5,0.16307637096798946,1,1,0,0.6310715673346804,0,0,1
4963,3,3,0,0.4366007329908331,1,1,1,0.8318755941192383,0,1,0
8159,2,2,6,0.0,2,1,1,0.0764808539215495,2,0,0
9030,3,5,2,0.43390924179614127,1,0,0,0.7040126332064712,2,1,1
4775,3,3,5,0.0,2,1,1,0.528083231948651,2,1,0
8933,4,3,10,0.0,2,0,1,0.9817491570444977,0,1,0
7749,5,3,1,0.0,1,1,0,0.6748307963410506,0,0,1
9828,3,3,1,0.0,2,1,1,0.34404610640316147,0,1,0
9214,4,3,10,0.0,2,1,1,0.2158351622579956,0,0,1
6060,5,3,7,0.6285100855092202,2,1,0,0.6680103449879464,2,1,1
9475,4,4,2,0.0,2,1,0,0.685689883383863,0,1,0
6409,4,3,9,0.0,2,1,1,0.1938827157993588,0,0,0
3317,5,7,3,0.0,2,1,1,0.7344890437036736,0,1,1
7464,5,3,9,0.4316816839857171,1,1,0,0.2089033002651753,1,1,1
3061,3,3,3,0.35198147582550354,2,1,1,0.8882838311058706,1,1,0
1355,5,3,6,0.0,1,1,1,0.47566387590014847,2,1,0
4514,4,3,8,0.0,2,1,0,0.4202280317770347,0,0,0
5505,3,5,7,0.0,2,1,1,0.40307644380038293,0,0,0
5250,2,2,9,0.2785238022338074,2,0,1,0.32207795844503145,1,0,0
4511,4,4,2,0.0,4,1,0,0.5051879954535657,0,0,1
1730,6,1,7,0.0,2,1,0,0.15640088628464016,0,1,0
1758,4,2,5,0.5171569460732045,1,1,0,0.0028550226546635196,1,0,0
6650,5,4,10,0.3182871579452837,1,1,1,0.3904202351324551,1,1,0
6646,4,4,2,0.0,2,0,0,1.0,2,0,0
9860,5,2,10,0.7616309075927999,2,1,1,0.48083992021238026,0,0,0
4139,3,3,7,0.43207718321012334,1,1,1,0.41838805605935364,1,1,0
9393,4,4,9,0.4451125156034469,1,1,0,0.894163992661299,1,1,1
5123,6,2,8,0.37399192636340917,1,0,1,0.052036419478060154,2,1,0
0,4,4,2,0.0,1,1,1,0.5067348931822989,0,0,1
1864,4,4,7,0.49366497768077877,1,0,1,0.5652539317504822,0,1,0
543,5,5,0,0.6748243081483802,1,1,0,0.5453859343567311,2,1,1
349,3,3,5,0.0,2,1,1,0.6494687742679425,0,1,0
6906,4,4,3,0.0,2,0,1,0.524505590283872,2,0,0
9765,2,6,2,0.5451243969214753,1,0,1,0.21835325273563622,0,1,0
2523,5,2,1,0.0,2,1,0,0.9209412998941399,0,0,0
3464,4,3,7,0.6698610977867548,1,1,0,0.17721167371483973,2,0,0
457,5,3,3,0.0,2,1,0,0.3424123503794612,0,1,0
3023,4,3,2,0.3629703199414551,1,1,0,0.13284823700663412,0,1,0
7261,5,5,1,0.45252528626264155,1,0,1,0.14179169110650064,0,0,0
9515,4,3,9,0.519067881305912,1,1,1,0.40928668687859693,2,1,0
7872,4,4,10,0.43854893435019776,2,1,1,0.6699840334751969,1,0,0
6625,4,4,6,0.44687259277262736,1,1,0,0.08763456910134916,2,0,0
2534,5,3,5,0.4113810113102097,1,1,0,0.860887814786312,1,0,0
131,5,3,9,0.5215760311288141,1,1,1,0.5746730312744868,1,0,0
3704,4,3,7,0.0,2,1,0,0.9651417210343587,0,0,0
1372,2,3,8,0.0,2,0,1,0.9849901165561311,0,1,0
6200,6,3,3,0.2044394598619703,1,0,0,0.17763246390030246,1,0,0
4856,5,4,8,0.6589376587123482,1,1,1,0.28599716272904063,0,1,0
4712,2,5,3,0.0,1,1,0,0.5420397147927627,0,1,1
5544,3,4,6,0.0,2,1,0,0.1738448521833835,0,1,0
1413,3,2,10,0.5445340377043125,2,0,0,0.236515887267234,1,1,0
4113,4,3,4,0.0,2,1,1,0.6591788015755504,0,1,0
655,2,2,8,0.48506837975530226,1,1,1,0.6610576810085362,1,1,0
8137,2,3,6,0.5013577026433322,1,0,0,0.331641571770104,0,1,1
4098,4,3,5,0.0,1,0,0,0.7438585384904257,0,1,0
592,4,3,9,0.4619290645058319,1,1,1,0.1254292284913209,0,0,0
8708,5,4,3,0.40769764329413594,2,1,0,0.9134858879022946,1,0,0
3123,4,2,8,0.32269902891648167,2,1,0,0.8737165399295632,0,1,0
3047,5,4,7,0.0,2,1,1,0.913079149058735,2,1,0
3887,4,4,5,0.0,2,1,0,0.24850508223535345,0,0,0
5735,3,4,4,0.0,2,0,1,0.5086329744490599,2,0,0
2184,4,3,1,0.0,2,1,0,0.6327773302350375,0,0,0
2145,4,3,4,0.5494159401532313,2,1,0,0.4917347106648685,2,1,0
7047,5,3,2,0.48502377997377344,2,0,0,0.4088747475383899,2,0,0
3105,4,2,4,0.0,2,1,1,0.722126913120203,0,0,1
9233,3,3,4,0.5512913231025395,1,0,0,0.30919027767151763,0,0,0
9096,3,3,9,0.7124639330654132,1,1,0,0.9996834197665877,0,1,0
2769,3,3,1,0.5110380473601852,1,1,0,0.6297713931680475,1,0,1
5221,3,2,4,0.0,2,1,0,0.44431913247715155,2,0,0
5833,4,4,9,0.3869813038433254,1,1,0,0.37383390113755866,1,0,1
1732,5,4,5,0.48614670601916504,1,1,0,0.7440349553382347,0,1,0
265,3,3,9,0.39554111392398406,1,1,0,0.6156859480080347,2,0,0
5144,2,2,3,0.535943737156389,1,1,1,0.5663266341935654,0,0,0
8267,4,3,8,0.0,2,1,0,0.4432816333959893,0,1,0
3937,5,2,1,0.0,2,1,1,0.9970832714524236,0,0,0
761,4,3,5,0.4948267641256257,1,1,0,0.44351015521982345,0,0,1
7220,5,3,9,0.0,2,0,0,0.6076896843648568,2,1,0
8439,4,2,2,0.4583193518930336,1,1,1,0.18692275112273218,0,1,0
3257,5,5,3,0.4079220371904785,1,1,1,0.573360055885337,0,0,0
4338,5,2,2,0.0,1,1,1,0.6649027482124542,2,1,0
4362,3,2,3,0.4309203788677706,1,0,1,0.26661106135635954,2,0,0
316,3,4,2,0.5861733742173965,1,1,0,0.6027038082136844,0,1,1
8069,4,4,9,0.19592452856058012,2,1,0,0.2664383948667098,1,1,0
1851,5,5,4,0.6425304393508935,1,1,1,0.4453916849059085,0,0,0
2484,6,3,6,0.3860656332616961,1,1,1,0.6084061527875911,0,1,0
9873,5,3,9,0.47540593075060883,1,1,1,0.9857774417456866,1,0,0
9574,3,3,3,0.0,2,1,0,0.8309079517093881,2,1,0
1078,4,4,8,0.5847831683373916,2,1,1,0.020923298174975707,1,0,0
8358,4,3,8,0.3150121629064614,1,1,0,0.7139301803322218,2,0,1
7333,4,4,2,0.5439972061963485,2,1,0,0.41406129285346743,2,1,0
1071,4,5,8,0.4106179524921852,1,1,1,0.1123810323885931,1,1,0
103,3,3,7,0.0,2,1,0,0.30265380343822834,2,1,0
5748,4,4,8,0.3400820229440567,1,0,0,0.11274656729717687,0,0,0
1418,3,3,9,0.5360932799448573,1,1,0,0.09036102947831517,1,0,0
1658,5,4,2,0.3703157724317471,1,0,1,0.42745912234618405,0,1,0
5284,5,5,3,0.39531548446622294,1,1,1,0.1445671561634136,1,1,0
1149,4,3,4,0.0,2,0,0,0.55263342649223,0,1,0
7150,4,3,4,0.4406548491461215,1,1,1,0.637150747896424,0,0,0
1568,4,3,8,0.4543907847206011,1,1,1,0.3399668168310073,0,1,0
1087,2,3,10,0.0,2,1,0,0.06941157880577595,0,0,0
6085,2,4,7,0.6231751704447013,1,1,0,0.36319653526911816,1,1,1
8674,3,6,8,0.4109300313924271,2,1,1,0.7700257374579271,0,1,1
8341,3,3,3,0.0,2,1,0,0.6210127067134911,2,0,0
7811,4,2,2,0.4150914421070324,1,0,0,0.7981665249031282,0,1,0
6084,3,3,9,0.4669346028102486,1,1,1,0.5433690417434864,1,0,0
8773,4,3,9,0.0,2,1,0,0.5937467028101183,2,1,0
8757,4,4,2,0.3906332248284553,2,0,1,0.1568813821719974,1,0,0
1692,4,2,7,0.45340512556313206,2,0,0,0.42037024535843176,0,1,0
4734,3,5,4,0.0,2,1,1,0.4690893480327371,0,0,1
3387,3,8,8,0.3676486337540473,1,1,1,0.9312109306438765,1,1,0
3646,5,6,9,0.44137000006656096,1,1,0,0.11328676888642865,0,0,1
1683,5,5,5,0.0,1,1,1,0.7990631605318308,0,1,0
8,3,4,4,0.5661703921301275,2,0,1,0.37468038197647874,0,1,0
6062,5,3,8,0.0,2,1,1,0.20695851453813838,2,1,0
6516,4,3,7,0.0,3,0,1,0.05332029208789439,2,0,0
4123,4,3,1,0.41409366647629725,1,0,1,0.7982655343585312,2,0,0
8729,4,4,8,0.6736732431881008,2,1,1,0.8783137289611157,1,1,0
6045,3,3,1,0.5206191087385321,2,1,1,0.6425031590516894,1,0,0
567,4,6,1,0.5488908265503337,1,1,1,0.18965391194859105,2,0,0
9161,4,3,10,0.6529478562391607,1,0,0,0.4475821940995365,0,1,0
1803,3,2,1,0.7195372033322375,1,0,0,0.6172741496812945,0,0,0
8501,4,2,6,0.0,2,1,0,0.32219161929964313,2,1,0
4900,5,4,7,0.7170401337052825,1,1,1,0.6859123546298672,0,1,0
1599,4,4,1,0.4621859815672571,2,0,1,0.14737552436257662,0,0,0
7931,6,4,1,0.37912042295738485,1,0,0,0.6393786606620933,0,1,0
9547,4,3,3,0.0,2,1,1,0.18931162926059436,0,0,0
2823,4,5,5,0.4789596843881913,1,0,1,0.2522401889380436,1,0,0
5467,3,3,1,0.640809581292548,1,1,1,0.7476942548013334,2,1,0
3529,4,2,5,0.0,2,1,0,0.5807977661866708,0,0,0
8683,4,4,7,0.7781577372709375,4,0,1,0.655422492848067,0,0,1
1155,5,3,3,0.6070345134951007,1,1,0,0.06059133647263313,0,1,0
6547,4,2,4,0.2962286400825132,1,1,1,0.11459844415141646,0,0,0
9088,5,3,8,0.414168836438731,1,1,1,0.5501740416209748,1,0,1
7620,3,2,9,0.0,2,1,0,0.6341961657338275,0,0,0
8296,4,3,7,0.0,2,1,0,0.9754083514975679,0,0,0
4540,3,3,1,0.5971131147311645,1,1,0,0.15910759477530104,1,1,0
9134,2,3,3,0.0,1,1,1,0.16155717871056685,0,1,0
6482,6,3,4,0.62177308723235,2,1,1,0.7584010773028823,0,1,0
5826,3,2,0,0.4293080509301606,2,1,1,0.46447730758287414,1,0,0
1190,5,2,1,0.0,2,1,1,0.6648825462831701,0,0,0
7444,5,2,4,0.0,2,1,1,0.9003610344787927,0,0,0
8520,4,5,1,0.0,2,1,1,0.8845936786963154,2,1,0
960,6,3,1,0.4337314803791452,1,1,1,0.6608717632533907,1,0,0
7454,5,4,0,0.0,2,1,1,0.9217840303749008,0,1,0
36,2,3,3,0.5789610833625718,1,0,1,0.570330416554781,2,1,0
7516,4,3,8,0.37139856265944476,1,1,0,0.3693898267284526,0,1,0
7644,4,2,9,0.0,1,1,0,0.670560788555307,0,1,0
4438,4,6,0,0.5024410907233292,2,1,1,0.9247142602118501,1,1,0
6161,3,3,8,0.0,2,0,0,0.4588042658073846,0,1,0
7744,5,3,0,0.0,2,0,0,0.667333680366475,0,0,0
9587,5,7,10,0.3788482008770972,1,1,0,0.8812506094332008,1,0,0
8119,5,3,5,0.5264474512340848,3,1,1,0.27234050851856356,0,1,1
6967,2,2,9,0.42057737466235795,1,1,0,0.05415957223914883,0,1,0
5718,4,3,7,0.0,2,1,0,0.9712294524127054,0,0,0
577,5,2,4,0.4911064089806344,2,0,1,0.7209264484758294,0,1,0
9833,4,4,1,0.7976057529971632,2,1,0,0.4706988017355658,1,0,0
4102,4,3,3,0.0,2,0,1,0.34029874853048464,2,1,0
7646,3,3,10,0.5879329731047376,1,1,1,0.7994735997287741,2,1,0
4151,4,4,6,0.6119939773156504,1,0,0,0.17645935186810338,0,1,1
3130,5,5,5,0.0,1,1,0,0.17705245850978768,2,0,1
4890,3,3,4,0.0,2,1,0,0.7014425377623563,2,0,0
9975,4,4,1,0.45419640300968417,2,1,0,0.982668694860359,1,1,1
7471,4,5,8,0.4756031821525625,1,0,1,0.5971974323547898,1,0,0
1833,4,3,8,0.5206403125667478,1,1,0,0.23577086611771422,1,1,1
9148,4,3,8,0.0,2,0,0,0.7250332906792599,0,1,0
4891,5,3,5,0.34298854168240184,2,1,1,0.5210943645118109,1,1,0
2287,3,2,4,0.0,1,1,0,0.9758721957946983,0,1,0
1330,4,4,8,0.0,2,1,0,0.44520056665411545,2,0,0
2771,5,2,7,0.30999195729230145,1,1,0,0.8887123220267535,1,1,0
3686,5,1,2,0.702036033833498,2,1,0,0.6482751102730311,0,1,0
8283,4,5,1,0.0,2,1,1,0.2827819556767671,0,1,0
5928,3,3,8,0.5171227090648638,1,1,1,0.7184294600134312,1,0,0
637,4,4,1,0.5531255738136548,1,0,1,0.8442238733799078,0,1,0
47,4,3,9,0.5494015518412276,1,1,1,0.5881122647212809,1,0,1
2602,3,2,0,0.5682574546502128,2,1,0,0.6454278383585632,1,1,0
1965,4,3,9,0.0,1,0,0,0.7139977867886382,0,0,1
2168,5,5,2,0.5709476305698462,1,1,0,0.44212637306862806,1,0,1
5049,5,3,10,0.48732076836455795,1,0,0,0.7288113514840666,2,1,0
3334,4,2,5,0.0,2,0,0,0.6044651764243485,0,1,0
3019,3,2,7,0.0,2,1,1,0.27733433542903346,0,1,0
8764,5,5,8,0.4631268815159175,2,1,1,0.4334904983425917,1,1,0
9176,3,3,9,0.0,2,1,0,0.05866715271308409,0,1,0
1360,4,2,3,0.39050046176118763,2,0,1,0.3103867419338547,1,0,0
5798,5,5,0,0.5350766121814639,1,0,1,0.06697049568233765,2,1,0
9400,4,3,3,0.3920318006406506,1,0,0,0.10482111041604472,0,0,0
3251,6,4,0,0.4324816502190193,3,1,0,0.9202539842554963,1,1,1
6300,4,4,3,0.49213224381261733,1,1,1,0.8961652837846014,0,0,0
2251,4,2,8,0.521591017293117,1,1,0,0.21201339727944016,2,0,0
6027,6,4,3,0.5595644430772669,2,0,1,0.9314586543014857,1,1,0
1175,5,3,5,0.0,2,1,0,0.7288102013742312,2,1,0
8799,2,3,4,0.0,2,1,0,0.9941256389985242,0,1,0
3279,4,3,7,0.0,2,1,0,0.3439245947988032,2,1,0
2973,3,5,9,0.5136846199187887,1,1,1,0.9812455089461043,0,0,1
3396,3,7,4,0.0,2,1,1,0.98784683937316,0,1,0
6939,3,4,9,0.0,2,0,1,0.05703384673236293,0,0,0
965,4,4,5,0.49671988335981365,1,1,1,0.39000184517621433,0,0,0
8574,5,5,4,0.0,2,1,1,0.8526666796679082,0,0,0
742,4,2,7,0.42011467683950887,1,1,1,0.7492831065366743,0,1,0
7514,4,6,9,0.45081857737537984,1,1,0,0.1398594565781032,0,1,1
3314,4,6,3,0.5561219298241769,2,1,1,0.8785067973991516,2,0,1
4898,3,3,7,0.0,1,0,1,0.8054036160453324,0,0,0
9340,5,4,10,0.0,2,1,0,0.006765446100102559,0,1,0
4672,5,2,1,0.4486614864226348,1,1,1,0.5670368020145924,0,0,0
8618,4,4,6,0.4032682353221581,2,1,1,0.17611196869301016,2,0,0
1217,3,2,3,0.5800823752783452,2,1,1,0.2900695516421818,1,1,0
4397,4,3,8,0.207679261328773,2,1,1,0.5398154523757018,1,1,0
6080,4,4,2,0.0,1,0,0,0.8136913575246435,2,0,1
2614,3,5,3,0.4243089694305764,4,1,0,0.6444129914406825,1,0,1
2620,4,3,6,0.5141281067544198,2,1,0,0.6524222063207036,0,1,0
8714,5,4,6,0.4381918969570474,1,1,0,0.5813340173986615,0,0,0
7282,3,4,7,0.7545619817193507,2,1,0,0.22509474654829537,2,0,1
3379,6,4,7,0.0,2,1,1,0.64189360083888,2,0,0
7301,5,3,1,0.5769402628772503,1,1,1,0.6624091100700117,1,0,0
9857,5,3,1,0.2816187640168963,2,1,1,0.38235886527163343,0,1,0
5605,4,5,5,0.6066181292970385,1,1,1,0.43009362394108636,0,1,0
9813,3,2,10,0.3955792569006803,1,1,1,0.6481510484251246,2,0,0
5786,3,3,5,0.0,2,0,0,0.5036285965309687,0,1,0
8518,3,4,3,0.4829038355772258,1,0,0,0.020110970597692075,0,1,1
6850,3,4,1,0.20005967363083554,1,1,1,0.11695116883662389,0,1,0
1516,4,3,7,0.38485211266454844,1,0,0,0.8171560384016673,0,0,0
5098,3,2,9,0.5790959986981169,2,1,0,0.7374331748681999,1,1,0
7636,3,5,8,0.6142373981404163,2,1,0,0.506190841225337,1,0,1
9085,4,4,5,0.0,2,0,1,0.6025600444842483,0,0,0
8023,4,3,1,0.0,2,1,1,0.4768508392551488,0,1,0
2392,4,5,4,0.0,1,1,1,0.7519667628258498,2,1,0
586,4,5,9,0.6795262570552052,1,1,0,0.17789943939646236,2,1,1
3519,4,4,5,0.1119297081934741,1,1,0,0.34790667508747086,2,0,1
7653,3,2,5,0.4899389628673539,1,0,0,0.3119248388221075,2,0,1
8946,4,2,7,0.0,1,0,0,0.6476367993143345,0,1,0
850,4,4,1,0.6808603046758945,2,1,0,0.22517020375445854,1,1,0
335,2,2,7,0.7258875107419113,1,1,0,0.5841404354115818,0,1,1
6634,2,4,1,0.6064622094173774,2,1,0,0.5088851985364602,0,0,0
8972,4,3,4,0.31666279324804747,1,1,1,0.5916223499344188,2,0,0
7493,4,3,10,0.5594460683220028,2,1,1,0.6478232671220101,2,0,0
2868,3,3,8,0.2917962428490388,2,1,0,0.4479215765105567,2,1,1
4872,5,3,3,0.0,1,1,0,0.455207922356585,2,1,0
3550,4,5,4,0.5227491369105282,1,1,0,0.1493745152662079,1,1,0
3842,5,2,8,0.0,2,1,1,0.32140474415306663,0,1,0
7262,4,3,4,0.402913669051845,1,1,1,0.2584822350534476,2,0,0
5824,4,3,1,0.0,3,1,1,0.37021795581478034,2,1,1
23,4,4,3,0.0,2,0,1,0.04238489775773586,0,1,0
1453,4,5,7,0.0,1,1,1,0.6845583753248434,0,0,0
1684,4,2,7,0.5598046202743114,1,1,0,0.6450101984739542,0,0,0
2310,5,3,6,0.5863253482718821,1,1,1,0.20029597826592435,0,1,0
9063,4,3,3,0.48537121187331483,1,1,1,0.6920065366242476,0,1,0
9406,6,3,6,0.5260967112184872,2,1,1,0.8937646045197315,0,1,0
381,4,3,7,0.4048779725664712,2,1,0,0.6188769527489875,0,1,0
5814,4,3,1,0.5310742700352961,2,1,1,0.27244721870938676,1,0,0
5550,5,4,6,0.6702555607338423,1,0,1,0.9860037133546252,0,0,0
9308,5,2,0,0.0,2,0,1,0.6576797084121533,0,1,0
1618,4,2,8,0.5628726787039312,2,1,0,0.4529411058756111,0,1,0
789,5,4,8,0.6695850095949316,1,1,1,0.8675171978923987,2,1,0
5983,4,2,6,0.3951912507584255,2,1,0,0.24234084355055907,1,0,0
8672,5,3,1,0.0,2,1,0,0.6118982362815648,0,1,0
4475,4,3,8,0.43978286163916197,1,1,1,0.7894504925220358,0,1,0
5606,2,5,8,0.4997895360622316,1,1,0,0.050020476955549245,1,0,1
9312,3,3,10,0.18098523587804116,2,1,0,0.09361559028887258,1,1,0
5648,3,3,7,0.6590674723749392,1,0,1,0.4736800364434803,0,1,0
6216,2,4,1,0.0,1,1,0,0.47634174063623075,0,1,0
2286,4,4,5,0.6295617077037136,2,0,0,0.6964971654793032,1,1,0
9993,4,2,7,0.6180214843405146,1,1,0,0.14585362902157153,0,1,0
7578,3,3,1,0.5264188340373577,2,1,0,0.9613096550720592,0,0,0
1183,4,3,1,0.0,2,1,1,0.7565892542737831,0,1,0
6001,5,2,5,0.0,1,1,0,0.969437681298564,0,0,1
5090,2,2,9,0.0,2,0,0,0.31576335540044076,0,0,0
2516,6,3,6,0.0,2,1,1,0.4932742576916095,0,0,0
4122,3,5,10,0.49976346970198143,2,1,1,0.893111042104521,0,1,0
5521,6,3,1,0.6620832386567791,1,1,0,0.3360156894983471,0,1,0
5627,4,2,4,0.5299149148564664,1,1,1,0.7335875076069764,0,1,0
8360,4,3,9,0.5656403761383756,2,0,1,0.9202123302775415,1,1,0
5872,4,2,7,0.0,2,0,1,0.7714151201439736,2,1,0
8612,4,3,3,0.5166487716187876,2,1,1,0.516094186994858,1,1,0
7727,4,6,7,0.0,2,1,1,0.2752407854950148,0,0,0
5968,3,2,1,0.44667713492757166,1,0,1,0.6314115498030062,0,1,0
1180,4,3,6,0.0,2,1,1,0.49563008267289527,0,1,0
8762,1,5,3,0.0,1,0,0,0.5689771873213891,0,0,1
8235,3,3,9,0.3995733088282976,1,1,1,0.7301794321357689,2,1,0
2818,4,3,4,0.0,1,1,0,0.6627070385221787,0,1,0
9964,2,3,5,0.46869021601559424,2,0,0,0.56653765434599,0,1,0
8703,4,3,3,0.5423230603309894,2,1,0,0.32781295613731115,0,0,0
6608,5,3,6,0.5501578349998599,1,1,1,0.3398368044148216,0,1,0
2820,4,3,1,0.3574715933469243,1,1,1,0.7615421772779299,0,0,0
7535,4,3,10,0.41169926801754453,1,1,0,0.8027593635192161,1,0,0
2260,3,5,9,0.0,2,1,1,0.4722420491156905,0,1,0
2239,2,3,3,0.0,1,1,1,0.8828778148313163,0,0,1
6021,5,5,4,0.40158001999935516,1,1,1,0.9339075381698951,0,1,0
782,3,4,2,0.0,2,0,1,0.3796657080751212,0,1,0
932,5,4,8,0.7668074316548206,2,1,0,0.004059287661971718,1,0,0
6202,4,4,8,0.4648211152185336,1,0,1,0.25502290468739763,2,1,0
2412,5,3,2,0.0,2,1,0,0.9035199861586781,0,1,0
6997,4,6,5,0.32900653010152453,2,1,1,0.7322520800736471,0,1,0
9115,4,3,2,0.5209323036297328,2,0,0,0.3879431485706885,1,0,0
1156,4,4,3,0.0,2,1,1,0.24932756078205467,0,1,0
8107,3,4,3,0.0,2,1,0,0.4226414122548703,0,1,0
5805,3,3,1,0.3863682660956088,1,1,1,0.5130256939537725,2,0,0
4879,5,4,3,0.3260754595620876,1,1,0,0.8210881639196542,2,0,1
3309,3,2,2,0.48292161171892545,1,1,1,0.2996647679853426,0,0,0
8961,4,4,9,0.0,1,1,0,0.691649352513165,0,1,0
1702,4,2,5,0.0,2,1,0,0.7948902620200229,2,1,0
2492,3,3,3,0.43409724641586556,1,1,1,0.9178917086581768,1,0,1
3706,4,4,6,0.5002548245783777,2,0,0,0.39539366009453897,2,0,0
8276,3,3,9,0.5667169487021604,2,0,1,0.6401462339653436,2,1,0
286,4,2,5,0.4141413750897825,1,1,0,0.8061682890716063,2,1,0
1608,3,3,2,0.48834413207370375,2,1,0,0.4423024898877843,0,0,0
6631,4,4,3,0.0,2,0,1,0.6824658754911094,0,1,0
8278,5,3,8,0.0,2,1,1,0.3483581182002881,0,0,0
7315,3,3,6,0.4991714763552007,2,1,1,0.7936982481827014,1,0,0
2252,5,3,7,0.7463505999587323,1,0,1,0.9521870838665092,1,0,0
7415,6,2,6,0.0,2,0,0,0.8401403334018398,0,1,0
8365,6,3,1,0.38421699423857714,2,1,0,0.5326637193852012,0,1,0
1891,3,3,1,0.0,2,1,1,0.9018460262955111,0,0,0
5062,6,4,10,0.3372768999556753,1,1,1,0.9903974829596226,1,1,0
6120,5,3,7,0.0,1,1,1,0.7068051498918145,0,1,0
563,3,4,1,0.0,1,1,0,0.35619906701089954,0,0,1
291,5,4,5,0.37673132545568605,2,1,0,0.9746694809354292,2,0,0
4716,4,1,10,0.0,2,0,1,0.26394305656190165,0,1,0
7708,2,3,8,0.38987686195618315,1,0,1,0.6026562036674502,0,0,0
6349,3,2,7,0.0,2,0,1,0.4119468409233082,0,0,0
169,4,2,9,0.2308898007155017,2,0,0,0.2656389685214938,1,1,0
267,4,3,7,0.0,2,1,0,0.06944028154688772,0,1,0
4638,3,4,7,0.5567004117089932,2,1,0,0.22792001636156253,1,1,0
7077,4,2,7,0.40333200623408494,1,0,0,0.6654622516450321,1,1,0
3355,4,2,5,0.3391388910134789,1,1,1,0.35816630488211626,1,1,0
8279,4,3,2,0.0,1,0,0,0.1798713777165719,0,0,0
315,2,3,3,0.0,2,0,0,0.28584599829283697,2,1,0
6728,6,3,10,0.5513631450920969,1,1,1,0.40239932913593246,1,0,0
9495,4,3,10,0.73244268220615,1,1,0,0.8206172189444092,0,1,0
4067,3,3,4,0.35999871501612474,2,0,1,0.5937006484119233,1,0,0
245,4,3,10,0.4922220810847943,1,1,0,0.6597712581551538,0,0,1
252,4,7,0,0.0,2,0,1,0.8548686899598911,0,0,0
1111,6,5,1,0.52154478338197,1,1,1,0.153569365874441,1,1,1
4801,6,7,5,0.5942854327826887,1,0,1,0.8134350830504312,0,1,0
1713,4,4,9,0.5976972961412341,1,1,0,0.28557692259610795,0,1,0
50,4,4,10,0.4637873887361997,2,1,0,0.9903324767515297,1,1,0
1835,4,3,6,0.5672268768566553,1,1,1,0.04003837366468497,1,1,0
7896,4,4,1,0.0,2,1,0,0.8780834569701406,2,1,0
3383,4,3,9,0.5308577279324845,2,0,1,0.2664149926317963,1,1,0
6410,4,6,1,0.0,2,1,1,0.9326617691989584,2,0,0
4313,4,6,10,0.4601965682560597,1,1,0,0.20207074775641073,2,1,0
872,5,3,2,0.6534282106332496,2,1,1,0.07529019021316535,0,0,0
1254,4,4,1,0.18681062896891723,4,1,0,0.15631772834305674,0,0,1
8881,5,2,1,0.1733947835154903,1,1,1,0.5966378289126612,0,1,0
5851,3,3,3,0.0,2,0,1,0.9505931316440719,2,1,0
5702,3,3,7,0.0,2,1,0,0.4714025689453342,0,1,0
8103,2,5,1,0.4293166998600907,3,1,0,0.43062427461822606,1,1,1
2098,4,4,2,0.0,1,1,0,0.248535185110178,0,0,1
5128,3,3,3,0.6629331056286639,2,0,1,0.11302384377708069,0,0,0
248,4,2,8,0.41091524451222416,1,1,1,0.7879037948124046,1,1,0
6561,2,4,7,0.6707367919779701,1,1,0,0.08317889358433729,1,0,1
1339,4,4,7,0.5102857498835484,1,1,1,0.3130487461552578,2,1,0
7017,4,2,5,0.7288890879958474,2,1,1,0.21265035810919938,2,1,1
2110,5,4,10,0.5512666915878077,1,1,1,0.017306902809218278,1,0,1
1569,4,4,1,0.46491689115688367,1,1,0,0.2236224559445427,1,0,1
1726,5,3,5,0.4475191501059255,1,0,1,0.44945302276367394,1,1,0
8384,5,3,3,0.0,2,1,1,0.794098086367248,0,1,0
6940,3,4,1,0.0,2,1,1,0.32996491164906244,0,1,0
4395,4,1,6,0.6683413173850786,1,1,0,0.2896192586392001,0,0,0
2420,3,4,7,0.39359610111021576,1,1,0,0.7278135061898411,0,0,0
3045,4,2,1,0.29612991473948647,1,1,1,0.262877004753954,1,1,0
5503,5,2,10,0.4866907516115408,1,1,1,0.6382749052534517,2,1,0
3703,5,3,5,0.5943888612304702,3,1,1,0.30015571487077014,1,1,1
8191,4,3,10,0.5547310862350527,1,1,1,0.0997499761227197,0,0,0
5331,4,4,2,0.5719486346029977,1,1,0,0.8350041428956464,1,0,1
9808,4,3,9,0.30597953137068523,1,0,0,0.2410887239731394,0,0,0
447,3,3,4,0.5015271339849579,1,1,1,0.5021592062041925,0,1,0
7894,5,6,1,0.4913416837888244,2,1,1,0.4325228059279661,1,1,1
8728,2,4,4,0.4309658953561584,1,0,1,0.2838897614722206,0,1,0
7828,5,3,9,0.7051261330845524,1,1,1,0.0639443566860635,0,0,0
1768,5,2,1,0.5621348891097577,2,0,0,0.0813867724367677,2,1,0
6808,5,2,9,0.4602644842772618,2,1,1,0.6736713856173263,1,1,0
4704,3,3,0,0.0,2,1,1,0.7774425457631203,0,0,0
3869,3,3,7,0.0,2,0,0,0.24659599991799214,0,0,0
1655,4,4,9,0.24390994766042265,1,1,0,0.2908210734125109,0,0,0
3187,3,4,8,0.43461590321393045,1,0,1,0.5790882029233791,2,0,0
683,5,3,8,0.5651002365143554,2,0,0,0.43165147271564436,1,0,0
4170,4,6,3,0.31420386659778876,2,1,1,0.1859406073279998,1,0,0
4477,4,5,9,0.5415346525754741,2,0,0,0.27016100037553586,1,1,0
461,3,3,3,0.0,2,1,0,0.1834204666545655,0,1,0
5764,5,3,0,0.740279649000118,1,1,1,0.5101749217050229,0,0,0
7522,4,4,6,0.0,3,0,0,0.28056294376112917,0,1,1
4502,4,4,5,0.6554491506890309,1,1,0,0.7098599916292004,2,1,1
9709,3,5,8,0.5497727782622818,1,1,1,0.42235808519713636,0,0,0
318,4,2,3,0.0,1,1,0,0.4271142894146391,2,0,0
1145,3,2,8,0.0,1,1,0,0.7962895956563851,0,1,0
5094,4,3,0,0.0,1,1,0,0.5725699804331313,0,1,0
1393,6,3,2,0.5820435699610149,1,1,0,0.9563371301959336,0,0,0
6623,3,2,3,0.4159756656577179,1,1,1,0.14964514111097607,0,1,0
1501,4,3,7,0.5745850835293326,2,1,1,0.07240296448310814,0,0,0
6408,5,4,4,0.4293652853236149,2,1,0,0.7653395399260629,2,1,0
376,5,4,10,0.4672479969855491,3,1,1,0.6119056369883323,1,1,1
410,5,2,10,0.0,2,0,0,0.6479548796910104,2,1,0
1660,4,3,7,0.44580985052536676,2,1,0,0.052502764013963324,0,0,0
3151,4,3,3,0.4451832216020457,1,0,0,0.6832265481353469,0,0,0
1623,3,3,2,0.0,1,1,0,0.3995566576608066,0,1,0
5609,4,3,4,0.0,3,1,0,0.158303117947764,2,0,0
8532,3,3,2,0.0,2,1,0,0.49309439051429405,0,0,1
5802,2,3,10,0.0,2,1,0,0.05355991497187981,0,1,0
5306,4,5,9,0.4175433141001592,1,1,1,0.827893863863999,0,0,1
7086,3,3,3,0.5529414353054661,1,1,1,0.9707266043907192,0,0,0
8897,4,5,8,0.7446273106343696,1,1,0,0.46868540945660314,0,1,1
7488,3,4,4,0.32037007535609385,1,1,0,0.5960813257666107,1,0,0
9615,4,4,3,0.0,2,1,0,0.754026159498232,2,0,1
9217,4,3,5,0.0,2,1,1,0.2093229403408025,0,1,0
1672,3,3,6,0.0,2,1,0,0.5507063924604799,0,0,0
2358,4,4,1,0.6503032765215552,1,0,1,0.07796354551859701,0,1,0
8467,5,6,3,0.0,2,1,1,0.4109570964027064,2,1,0
274,5,2,4,0.580336980644213,1,0,1,0.4694045781372121,1,1,0
2473,1,5,4,0.6502499082396364,1,1,0,0.8481315465626967,1,0,1
5489,5,3,8,0.5177705019595805,1,0,1,0.1803791262065527,0,1,0
4771,3,3,3,0.29882606918211296,1,1,1,0.06044622261425966,1,0,0
2107,4,4,3,0.39791642096597873,1,0,1,0.11450083482972623,2,0,0
7500,4,4,4,0.0,2,1,0,0.9876795233944841,0,1,0
4414,5,2,8,0.45107641114366404,2,1,0,0.7363203185904252,1,1,0
8138,3,3,4,0.43701739618663504,1,1,1,0.3511795876506206,1,0,0
8660,3,2,6,0.0,2,0,1,0.24884376457951732,0,0,0
8239,4,3,7,0.5976133178215906,2,0,0,0.7832609514208606,2,1,0
2417,5,3,8,0.44392346709375113,1,1,1,0.22545673111782175,2,0,0
8771,4,3,4,0.38795907135044355,2,0,0,0.24109892494733245,1,1,0
2236,4,4,3,0.504390846498672,1,0,0,0.8882495278299076,1,1,1
3767,5,2,4,0.5798026202590861,1,1,0,0.9419459058340071,0,1,0
9791,6,3,6,0.4716534510087343,1,1,0,0.1316663241339548,1,0,1
9989,6,2,4,0.0,2,1,1,0.8972107836298366,2,1,0
9965,4,3,4,0.3316049556216232,1,0,0,0.7966928341656627,1,0,0
7323,5,2,8,0.0,2,1,0,0.020295438214349468,2,1,0
1383,3,2,10,0.6022257084539784,1,0,1,0.08576904094341009,0,0,0
3101,5,3,9,0.6404210171548138,1,1,0,0.15438859411073755,1,1,0
3921,3,5,3,0.0,2,1,0,0.12917293601538946,0,1,1
6685,4,3,8,0.0,2,1,0,0.192811163466111,0,1,0
3194,4,2,3,0.47070055415726764,1,1,0,0.30626049787754733,0,0,0
1941,2,4,3,0.35439030245307973,1,1,0,0.3484640783194795,2,1,0
7713,5,5,8,0.47627405214603274,2,1,0,0.14936131400548752,0,1,0
